{"count":1,"gauges":{},"self":3.9005775999999996,"total":3.9105630999999996,"children":{"AgentResetIfDone":{"count":187,"self":0,"total":0,"children":null},"AgentSendState":{"count":187,"self":0.00099899999999999989,"total":0.00099899999999999989,"children":{"CollectObservations":{"count":19,"self":0,"total":0,"children":null}}},"DecideAction":{"count":187,"self":0.0019839,"total":0.0019839,"children":null},"AcademyStep":{"count":187,"self":0.0010014,"total":0.0010014,"children":null},"AgentAct":{"count":187,"self":0.0060012,"total":0.0060012,"children":null}}}